native_width,native_height,native_size,label_name,count
62,80,62x80,real,1
74,56,74x56,real,1
93,119,93x119,real,1
100,80,100x80,real,1
100,100,100x100,real,1
114,170,114x170,real,1
120,78,120x78,real,1
120,80,120x80,real,1
120,126,120x126,real,1
125,90,125x90,real,1
128,128,128x128,fake,500
129,92,129x92,real,1
137,103,137x103,real,1
146,123,146x123,real,1
150,95,150x95,real,1
150,113,150x113,real,2
153,135,153x135,real,1
157,136,157x136,real,1
160,92,160x92,real,1
160,128,160x128,real,1
160,176,160x176,real,1
166,238,166x238,real,1
166,250,166x250,real,1
180,124,180x124,real,1
180,135,180x135,real,1
190,177,190x177,real,1
192,244,192x244,real,1
197,500,197x500,real,1
198,200,198x200,real,1
200,150,200x150,real,1
200,160,200x160,real,1
200,183,200x183,real,1
200,200,200x200,real,3
200,247,200x247,real,1
200,302,200x302,real,1
210,500,210x500,real,1
216,120,216x120,real,1
220,330,220x330,real,1
221,216,221x216,real,1
222,222,222x222,real,1
222,580,222x580,real,1
224,380,224x380,real,1
231,500,231x500,real,1
238,286,238x286,real,1
239,320,239x320,real,1
240,320,240x320,real,1
244,160,244x160,real,1
250,162,250x162,real,1
250,389,250x389,real,1
252,158,252x158,real,1
252,360,252x360,real,1
252,500,252x500,real,1
255,500,255x500,real,1
256,170,256x170,real,1
256,256,256x256,fake,1500
262,350,262x350,real,1
268,222,268x222,real,1
272,307,272x307,real,1
275,277,275x277,real,1
277,400,277x400,real,1
278,500,278x500,real,1
280,185,280x185,real,1
280,280,280x280,real,1
282,500,282x500,real,1
286,134,286x134,real,1
288,198,288x198,real,1
288,345,288x345,real,1
294,380,294x380,real,1
295,500,295x500,real,1
296,500,296x500,real,1
300,199,300x199,real,1
300,205,300x205,real,1
300,224,300x224,real,1
300,225,300x225,real,1
300,247,300x247,real,1
300,249,300x249,real,1
300,270,300x270,real,1
300,274,300x274,real,1
300,298,300x298,real,1
300,300,300x300,real,2
300,330,300x330,real,1
300,400,300x400,real,3
300,470,300x470,real,1
301,331,301x331,real,1
304,380,304x380,real,1
305,391,305x391,real,1
305,471,305x471,real,1
307,400,307x400,real,1
310,291,310x291,real,1
310,500,310x500,real,1
312,254,312x254,real,1
312,312,312x312,real,1
313,500,313x500,real,1
315,500,315x500,real,1
316,400,316x400,real,1
319,480,319x480,real,1
320,215,320x215,real,1
320,240,320x240,real,3
320,265,320x265,real,1
320,326,320x326,real,1
320,480,320x480,real,3
320,540,320x540,real,1
321,295,321x295,real,1
323,500,323x500,real,1
325,211,325x211,real,1
326,243,326x243,real,1
326,500,326x500,real,2
329,500,329x500,real,2
330,500,330x500,real,1
331,500,331x500,real,3
332,500,332x500,real,5
333,250,333x250,real,1
333,500,333x500,real,75
334,500,334x500,real,20
335,500,335x500,real,7
336,500,336x500,real,1
337,500,337x500,real,1
338,500,338x500,real,1
339,530,339x530,real,1
340,500,340x500,real,3
341,500,341x500,real,2
342,500,342x500,real,3
343,520,343x520,real,1
344,500,344x500,real,1
346,500,346x500,real,1
347,457,347x457,real,1
347,594,347x594,real,1
348,545,348x545,real,1
350,232,350x232,real,1
350,233,350x233,real,1
350,252,350x252,real,1
350,260,350x260,real,1
350,263,350x263,real,1
350,300,350x300,real,2
350,350,350x350,real,2
350,450,350x450,real,1
350,500,350x500,real,4
351,289,351x289,real,1
351,420,351x420,real,1
351,500,351x500,real,1
352,500,352x500,real,2
353,450,353x450,real,1
353,500,353x500,real,2
354,500,354x500,real,2
355,500,355x500,real,2
356,247,356x247,real,1
356,475,356x475,real,1
356,500,356x500,real,3
357,500,357x500,real,6
358,477,358x477,real,1
358,500,358x500,real,1
359,235,359x235,real,1
359,480,359x480,real,1
359,500,359x500,real,2
360,270,360x270,real,1
360,279,360x279,real,1
360,360,360x360,real,1
360,480,360x480,real,1
361,200,361x200,real,1
361,500,361x500,real,2
363,500,363x500,real,3
364,352,364x352,real,1
364,500,364x500,real,1
365,500,365x500,real,1
366,500,366x500,real,4
368,500,368x500,real,1
369,380,369x380,real,1
369,500,369x500,real,2
370,500,370x500,real,3
370,613,370x613,real,1
371,500,371x500,real,1
372,500,372x500,real,1
373,500,373x500,real,3
373,560,373x560,real,1
374,500,374x500,real,5
375,500,375x500,real,361
375,560,375x560,real,1
376,500,376x500,real,11
377,500,377x500,real,2
378,500,378x500,real,6
379,500,379x500,real,4
380,253,380x253,real,5
380,260,380x260,real,1
380,500,380x500,real,6
380,511,380x511,real,1
381,500,381x500,real,3
381,541,381x541,real,1
382,500,382x500,real,3
383,500,383x500,real,5
384,256,384x256,real,1
384,288,384x288,real,1
384,500,384x500,real,2
385,495,385x495,real,1
385,500,385x500,real,1
386,500,386x500,real,5
387,500,387x500,real,3
387,580,387x580,real,2
388,500,388x500,real,2
389,500,389x500,real,4
390,260,390x260,real,1
390,500,390x500,real,1
391,500,391x500,real,5
392,500,392x500,real,1
393,273,393x273,real,1
393,419,393x419,real,1
393,500,393x500,real,4
394,489,394x489,real,1
394,500,394x500,real,2
394,549,394x549,real,1
394,645,394x645,real,1
395,400,395x400,real,1
395,500,395x500,real,2
396,500,396x500,real,3
397,500,397x500,real,1
397,594,397x594,real,2
398,500,398x500,real,2
399,297,399x297,real,1
399,500,399x500,real,2
400,217,400x217,real,1
400,250,400x250,real,1
400,260,400x260,real,1
400,261,400x261,real,2
400,263,400x263,real,1
400,265,400x265,real,1
400,268,400x268,real,1
400,296,400x296,real,1
400,300,400x300,real,1
400,309,400x309,real,1
400,320,400x320,real,1
400,343,400x343,real,1
400,352,400x352,real,1
400,356,400x356,real,1
400,382,400x382,real,1
400,400,400x400,real,3
400,407,400x407,real,1
400,500,400x500,real,15
400,550,400x550,real,1
400,600,400x600,real,2
401,480,401x480,real,1
401,500,401x500,real,4
402,302,402x302,real,1
402,500,402x500,real,2
403,570,403x570,real,1
404,500,404x500,real,1
405,500,405x500,real,3
406,500,406x500,real,2
407,500,407x500,real,2
408,500,408x500,real,7
409,480,409x480,real,1
409,500,409x500,real,1
410,500,410x500,real,3
411,500,411x500,real,2
412,500,412x500,real,1
413,276,413x276,real,1
413,500,413x500,real,5
414,414,414x414,real,1
414,500,414x500,real,2
415,500,415x500,real,4
416,500,416x500,real,1
417,500,417x500,real,4
419,500,419x500,real,5
421,500,421x500,real,2
423,500,423x500,real,2
425,500,425x500,real,1
426,273,426x273,real,1
426,447,426x447,real,1
426,500,426x500,real,2
427,500,427x500,real,1
428,500,428x500,real,1
428,600,428x600,real,1
429,500,429x500,real,5
429,640,429x640,real,1
430,500,430x500,real,3
430,534,430x534,real,1
431,447,431x447,real,1
431,500,431x500,real,3
432,324,432x324,real,1
432,346,432x346,real,1
432,500,432x500,real,1
433,500,433x500,real,3
434,500,434x500,real,1
435,500,435x500,real,1
436,480,436x480,real,1
436,500,436x500,real,2
437,328,437x328,real,1
437,500,437x500,real,6
438,500,438x500,real,5
440,330,440x330,real,1
440,500,440x500,real,1
441,500,441x500,real,1
442,500,442x500,real,1
444,303,444x303,real,1
445,500,445x500,real,1
446,500,446x500,real,3
449,480,449x480,real,1
449,500,449x500,real,1
450,259,450x259,real,1
450,260,450x260,real,1
450,300,450x300,real,1
450,301,450x301,real,1
450,312,450x312,real,1
450,321,450x321,real,2
450,337,450x337,real,1
450,362,450x362,real,1
450,365,450x365,real,1
450,400,450x400,real,1
450,450,450x450,real,1
450,485,450x485,real,1
450,500,450x500,real,1
450,600,450x600,real,2
451,500,451x500,real,2
452,500,452x500,real,2
453,500,453x500,real,1
454,341,454x341,real,1
454,480,454x480,real,1
454,500,454x500,real,2
455,500,455x500,real,2
455,607,455x607,real,1
456,500,456x500,real,1
457,500,457x500,real,2
458,500,458x500,real,2
459,500,459x500,real,1
460,288,460x288,real,1
460,486,460x486,real,1
460,500,460x500,real,1
461,346,461x346,real,1
461,500,461x500,real,2
462,500,462x500,real,4
463,500,463x500,real,1
464,500,464x500,real,5
465,500,465x500,real,1
466,500,466x500,real,4
468,308,468x308,real,1
468,314,468x314,real,1
468,315,468x315,real,1
468,410,468x410,real,1
469,500,469x500,real,1
470,500,470x500,real,1
471,560,471x560,real,1
472,500,472x500,real,2
473,500,473x500,real,1
476,500,476x500,real,1
476,636,476x636,real,1
477,405,477x405,real,1
477,491,477x491,real,1
477,500,477x500,real,1
478,500,478x500,real,2
480,207,480x207,real,1
480,320,480x320,real,2
480,360,480x360,real,7
480,380,480x380,real,1
480,389,480x389,real,1
480,480,480x480,real,1
480,500,480x500,real,1
480,640,480x640,real,2
480,770,480x770,real,1
482,500,482x500,real,1
484,500,484x500,real,3
484,602,484x602,real,1
485,500,485x500,real,1
486,459,486x459,real,1
486,500,486x500,real,2
487,333,487x333,real,1
487,455,487x455,real,1
487,480,487x480,real,1
488,500,488x500,real,2
489,500,489x500,real,2
490,500,490x500,real,3
491,500,491x500,real,3
492,500,492x500,real,1
493,500,493x500,real,1
494,500,494x500,real,1
495,371,495x371,real,1
496,500,496x500,real,1
497,500,497x500,real,1
498,500,498x500,real,1
499,460,499x460,real,1
499,500,499x500,real,3
500,183,500x183,real,1
500,188,500x188,real,1
500,201,500x201,real,1
500,226,500x226,real,1
500,234,500x234,real,1
500,251,500x251,real,1
500,256,500x256,real,1
500,258,500x258,real,1
500,261,500x261,real,2
500,275,500x275,real,1
500,277,500x277,real,1
500,281,500x281,real,5
500,282,500x282,real,1
500,283,500x283,real,1
500,295,500x295,real,1
500,297,500x297,real,1
500,298,500x298,real,1
500,300,500x300,real,1
500,304,500x304,real,1
500,307,500x307,real,1
500,310,500x310,real,2
500,314,500x314,real,1
500,315,500x315,real,1
500,316,500x316,real,1
500,317,500x317,real,1
500,318,500x318,real,1
500,319,500x319,real,1
500,321,500x321,real,1
500,323,500x323,real,1
500,324,500x324,real,1
500,327,500x327,real,1
500,330,500x330,real,2
500,331,500x331,real,2
500,332,500x332,real,23
500,333,500x333,real,189
500,334,500x334,real,76
500,335,500x335,real,26
500,336,500x336,real,8
500,337,500x337,real,4
500,338,500x338,real,4
500,339,500x339,real,7
500,340,500x340,real,6
500,341,500x341,real,1
500,342,500x342,real,4
500,343,500x343,real,2
500,344,500x344,real,2
500,345,500x345,real,3
500,346,500x346,real,4
500,347,500x347,real,4
500,348,500x348,real,3
500,349,500x349,real,5
500,351,500x351,real,5
500,352,500x352,real,6
500,353,500x353,real,3
500,354,500x354,real,5
500,355,500x355,real,3
500,356,500x356,real,1
500,357,500x357,real,16
500,358,500x358,real,4
500,359,500x359,real,4
500,360,500x360,real,4
500,361,500x361,real,6
500,363,500x363,real,2
500,365,500x365,real,3
500,366,500x366,real,2
500,367,500x367,real,1
500,368,500x368,real,5
500,369,500x369,real,3
500,370,500x370,real,1
500,371,500x371,real,2
500,372,500x372,real,2
500,373,500x373,real,3
500,374,500x374,real,18
500,375,500x375,real,1080
500,376,500x376,real,18
500,377,500x377,real,13
500,378,500x378,real,6
500,379,500x379,real,7
500,380,500x380,real,5
500,381,500x381,real,5
500,382,500x382,real,5
500,383,500x383,real,7
500,384,500x384,real,7
500,385,500x385,real,2
500,386,500x386,real,8
500,387,500x387,real,4
500,388,500x388,real,5
500,389,500x389,real,5
500,390,500x390,real,7
500,391,500x391,real,1
500,392,500x392,real,4
500,393,500x393,real,6
500,394,500x394,real,3
500,395,500x395,real,5
500,396,500x396,real,4
500,397,500x397,real,4
500,398,500x398,real,3
500,399,500x399,real,6
500,400,500x400,real,38
500,401,500x401,real,10
500,402,500x402,real,3
500,403,500x403,real,5
500,404,500x404,real,4
500,405,500x405,real,7
500,406,500x406,real,9
500,407,500x407,real,1
500,408,500x408,real,4
500,409,500x409,real,3
500,410,500x410,real,4
500,411,500x411,real,4
500,412,500x412,real,5
500,413,500x413,real,3
500,414,500x414,real,2
500,415,500x415,real,4
500,416,500x416,real,3
500,417,500x417,real,8
500,418,500x418,real,1
500,419,500x419,real,1
500,420,500x420,real,2
500,421,500x421,real,2
500,422,500x422,real,8
500,423,500x423,real,2
500,424,500x424,real,1
500,426,500x426,real,3
500,427,500x427,real,4
500,428,500x428,real,6
500,429,500x429,real,4
500,430,500x430,real,1
500,431,500x431,real,2
500,432,500x432,real,3
500,433,500x433,real,2
500,434,500x434,real,2
500,435,500x435,real,5
500,436,500x436,real,3
500,437,500x437,real,5
500,438,500x438,real,3
500,439,500x439,real,4
500,441,500x441,real,1
500,442,500x442,real,2
500,443,500x443,real,5
500,444,500x444,real,3
500,445,500x445,real,4
500,446,500x446,real,3
500,447,500x447,real,5
500,448,500x448,real,1
500,449,500x449,real,1
500,450,500x450,real,1
500,451,500x451,real,3
500,452,500x452,real,4
500,453,500x453,real,1
500,454,500x454,real,4
500,455,500x455,real,4
500,456,500x456,real,2
500,458,500x458,real,2
500,459,500x459,real,1
500,460,500x460,real,4
500,461,500x461,real,4
500,463,500x463,real,2
500,464,500x464,real,4
500,465,500x465,real,4
500,466,500x466,real,1
500,467,500x467,real,2
500,468,500x468,real,3
500,469,500x469,real,3
500,470,500x470,real,2
500,471,500x471,real,2
500,473,500x473,real,2
500,474,500x474,real,2
500,475,500x475,real,2
500,476,500x476,real,4
500,477,500x477,real,1
500,478,500x478,real,2
500,479,500x479,real,3
500,480,500x480,real,2
500,481,500x481,real,4
500,482,500x482,real,1
500,483,500x483,real,1
500,484,500x484,real,3
500,485,500x485,real,2
500,488,500x488,real,2
500,489,500x489,real,3
500,490,500x490,real,1
500,491,500x491,real,2
500,492,500x492,real,1
500,493,500x493,real,3
500,494,500x494,real,2
500,495,500x495,real,1
500,496,500x496,real,1
500,497,500x497,real,2
500,498,500x498,real,3
500,499,500x499,real,4
500,500,500x500,real,119
500,525,500x525,real,1
500,617,500x617,real,1
500,750,500x750,real,1
505,365,505x365,real,1
510,273,510x273,real,1
512,386,512x386,real,1
512,512,512x512,fake,1000
512,512,512x512,real,1
514,480,514x480,real,1
521,437,521x437,real,1
522,251,522x251,real,1
523,341,523x341,real,1
525,350,525x350,real,1
530,421,530x421,real,1
530,443,530x443,real,1
531,360,531x360,real,1
533,400,533x400,real,1
533,550,533x550,real,1
547,730,547x730,real,1
550,365,550x365,real,2
550,391,550x391,real,1
550,413,550x413,real,1
550,550,550x550,real,1
550,800,550x800,real,1
560,420,560x420,real,1
560,423,560x423,real,1
560,432,560x432,real,1
561,314,561x314,real,1
564,800,564x800,real,1
570,467,570x467,real,1
575,864,575x864,real,1
576,768,576x768,real,1
585,250,585x250,real,1
585,750,585x750,real,1
586,768,586x768,real,1
590,300,590x300,real,1
594,396,594x396,real,1
597,454,597x454,real,1
598,409,598x409,real,1
598,506,598x506,real,1
599,394,599x394,real,1
600,400,600x400,real,6
600,401,600x401,real,1
600,449,600x449,real,1
600,450,600x450,real,8
600,453,600x453,real,1
600,467,600x467,real,1
600,494,600x494,real,1
600,518,600x518,real,1
600,576,600x576,real,1
600,600,600x600,real,1
600,753,600x753,real,1
600,800,600x800,real,3
600,848,600x848,real,1
600,900,600x900,real,1
610,410,610x410,real,1
610,460,610x460,real,1
611,550,611x550,real,1
612,408,612x408,real,1
614,768,614x768,real,1
618,475,618x475,real,1
620,413,620x413,real,1
622,653,622x653,real,1
623,480,623x480,real,1
625,469,625x469,real,2
630,339,630x339,real,1
630,437,630x437,real,1
637,457,637x457,real,1
640,343,640x343,real,1
640,415,640x415,real,1
640,425,640x425,real,1
640,427,640x427,real,1
640,428,640x428,real,1
640,480,640x480,real,17
640,481,640x481,real,1
640,506,640x506,real,1
640,513,640x513,real,1
640,626,640x626,real,1
640,777,640x777,real,1
640,800,640x800,real,1
648,610,648x610,real,1
650,435,650x435,real,1
650,488,650x488,real,2
660,400,660x400,real,1
670,480,670x480,real,1
675,510,675x510,real,1
675,873,675x873,real,1
681,454,681x454,real,1
681,511,681x511,real,1
684,250,684x250,real,1
684,595,684x595,real,1
696,522,696x522,real,1
699,1074,699x1074,real,1
700,347,700x347,real,1
700,453,700x453,real,1
700,467,700x467,real,1
700,469,700x469,real,1
700,479,700x479,real,1
700,497,700x497,real,1
700,525,700x525,real,1
700,549,700x549,real,1
700,656,700x656,real,1
700,682,700x682,real,1
709,600,709x600,real,1
713,476,713x476,real,1
720,395,720x395,real,1
720,480,720x480,real,1
720,540,720x540,real,1
720,900,720x900,real,1
722,480,722x480,real,1
736,627,736x627,real,1
750,500,750x500,real,1
750,561,750x561,real,1
750,750,750x750,real,1
753,570,753x570,real,1
756,567,756x567,real,1
766,768,766x768,real,1
768,514,768x514,real,1
768,1024,768x1024,real,1
780,552,780x552,real,1
781,527,781x527,real,1
781,1200,781x1200,real,1
784,862,784x862,real,1
792,334,792x334,real,1
800,450,800x450,real,1
800,465,800x465,real,1
800,467,800x467,real,1
800,500,800x500,real,1
800,530,800x530,real,1
800,533,800x533,real,2
800,534,800x534,real,1
800,574,800x574,real,1
800,597,800x597,real,1
800,599,800x599,real,1
800,600,800x600,real,12
800,659,800x659,real,1
800,674,800x674,real,1
800,694,800x694,real,1
800,725,800x725,real,1
840,663,840x663,real,1
850,550,850x550,real,1
850,567,850x567,real,1
867,996,867x996,real,1
876,449,876x449,real,1
877,955,877x955,real,1
900,601,900x601,real,1
900,675,900x675,real,1
905,700,905x700,real,1
944,574,944x574,real,1
959,719,959x719,real,1
960,720,960x720,real,1
964,618,964x618,real,1
971,595,971x595,real,1
979,603,979x603,real,1
1000,519,1000x519,real,1
1000,603,1000x603,real,1
1000,667,1000x667,real,1
1000,668,1000x668,real,1
1000,705,1000x705,real,1
1000,750,1000x750,real,1
1000,813,1000x813,real,1
1000,887,1000x887,real,1
1022,768,1022x768,real,1
1024,686,1024x686,real,1
1024,693,1024x693,real,1
1024,768,1024x768,real,12
1024,1024,1024x1024,fake,500
1024,1024,1024x1024,real,1
1028,1028,1028x1028,real,1
1061,668,1061x668,real,1
1068,563,1068x563,real,1
1075,806,1075x806,real,1
1075,1505,1075x1505,real,1
1084,872,1084x872,real,1
1113,599,1113x599,real,1
1138,853,1138x853,real,2
1162,773,1162x773,real,1
1172,1172,1172x1172,real,1
1200,799,1200x799,real,1
1200,800,1200x800,real,1
1200,900,1200x900,real,1
1200,1206,1200x1206,real,1
1200,1600,1200x1600,real,2
1280,720,1280x720,real,1
1280,960,1280x960,real,1
1280,1024,1280x1024,real,1
1285,790,1285x790,real,1
1289,933,1289x933,real,1
1296,776,1296x776,real,1
1320,990,1320x990,real,1
1400,1400,1400x1400,real,1
1592,1052,1592x1052,real,1
1600,1200,1600x1200,real,3
1712,1253,1712x1253,real,1
1800,1920,1800x1920,real,1
2048,1536,2048x1536,real,3
2048,2166,2048x2166,real,1
2062,1605,2062x1605,real,1
2184,1632,2184x1632,real,1
2272,1704,2272x1704,real,2
2288,1712,2288x1712,real,1
2304,1728,2304x1728,real,1
2324,1612,2324x1612,real,1
2400,1760,2400x1760,real,1
2522,2082,2522x2082,real,1
2592,3888,2592x3888,real,1
2816,2112,2816x2112,real,1
2848,2136,2848x2136,real,1
3072,2304,3072x2304,real,1
