generator,label_name,pil_format,count
imagenet_ai_0419_biggan,fake,PNG,500
imagenet_ai_0419_biggan,real,JPEG,500
imagenet_ai_0419_vqdm,fake,PNG,500
imagenet_ai_0419_vqdm,real,JPEG,500
imagenet_ai_0424_sdv5,fake,PNG,500
imagenet_ai_0424_sdv5,real,JPEG,500
imagenet_ai_0424_wukong,fake,PNG,500
imagenet_ai_0424_wukong,real,JPEG,500
imagenet_ai_0508_adm,fake,PNG,500
imagenet_ai_0508_adm,real,JPEG,500
imagenet_glide,fake,PNG,500
imagenet_glide,real,JPEG,500
imagenet_midjourney,fake,PNG,500
imagenet_midjourney,real,JPEG,500
