model,base_case,case,delta_accuracy,delta_balanced_accuracy,delta_real_recall,delta_fake_recall,delta_fake_f1,delta_roc_auc,delta_average_precision,mean_probability_delta,mean_real_probability_delta,mean_fake_probability_delta,prediction_flip_rate
aide_original_full,raw,all_jpeg96,-0.027142857142857135,-0.027142857142857135,0.0005714285714286671,-0.05485714285714283,-0.031628752697206663,-0.006779714285714333,-0.007253905923020776,-0.028337982927482307,-0.0024930296591483057,-0.054182936195816316,0.033428571428571426
aide_original_full,raw_on_controlled_cohort,controlled_jpeg96,-0.027644230769230838,-0.027644230769230616,0.0,-0.05528846153846145,-0.03200443505076056,-0.007231232452300396,-0.008063460272856982,-0.027315315058720962,0.0,-0.054630630117441924,0.031421703296703296
aide_original_full,raw,fake_jpeg96,-0.02742857142857147,-0.02742857142857147,0.0,-0.05485714285714283,-0.031901815408456824,-0.007702734693877611,-0.008255587461681868,-0.027091468097908158,0.0,-0.054182936195816316,0.032285714285714286
aide_original_full,raw,png_roundtrip,0.0,0.0,0.0,0.0,0.0,0.0,0.0,0.0,0.0,0.0,0.0
clip_linear_probe,raw,all_jpeg96,-0.03114285714285714,-0.03114285714285714,0.002571428571428558,-0.06485714285714284,-0.03467994319725398,-0.03530432653061222,-0.036505906630384555,-0.036056399896840695,-0.002190450157637575,-0.06992234963604382,0.04171428571428572
clip_linear_probe,raw_on_controlled_cohort,controlled_jpeg96,-0.03159340659340659,-0.0315934065934067,0.0,-0.0631868131868133,-0.03471069717292863,-0.036090535280310254,-0.03708404999019577,-0.03456542741860376,0.0,-0.06913085483720752,0.03502747252747253
clip_linear_probe,raw,fake_jpeg96,-0.03242857142857147,-0.03242857142857147,0.0,-0.06485714285714284,-0.03571839975648505,-0.03666938775510209,-0.03837337226638893,-0.03496117481802191,0.0,-0.06992234963604382,0.03585714285714286
clip_linear_probe,raw,png_roundtrip,0.0,0.0,0.0,0.0,0.0,0.0,0.0,0.0,0.0,0.0,0.0
npr_resnet18,raw,all_jpeg96,-0.386,-0.3859999999999999,-0.0008571428571427786,-0.7711428571428571,-0.6426869066319982,-0.3913547346938776,-0.3543636197555664,-0.3685869483826275,-0.0009461575099806871,-0.7362277392552743,0.3911428571428571
npr_resnet18,raw_on_controlled_cohort,controlled_jpeg96,-0.3858173076923077,-0.3858173076923077,0.0,-0.7716346153846154,-0.643387108675014,-0.4176552381770017,-0.36816378944892025,-0.36924180988161526,0.0,-0.7384836197632305,0.38822115384615385
npr_resnet18,raw,fake_jpeg96,-0.38557142857142856,-0.38557142857142856,0.0,-0.7711428571428571,-0.6424634326209449,-0.3921920408163265,-0.35776566536980514,-0.36811386962763715,0.0,-0.7362277392552743,0.38785714285714284
npr_resnet18,raw,png_roundtrip,0.0,0.0,0.0,0.0,0.0,0.0,0.0,0.0,0.0,0.0,0.0
