model,case,generator,num_samples,num_real,num_fake,tn,fp,fn,tp,accuracy,balanced_accuracy,real_recall,fake_recall,fake_precision,fake_f1,mean_real_fake_probability,mean_fake_fake_probability,threshold,roc_auc,average_precision
aide_original_full,all_jpeg96,imagenet_ai_0419_biggan,1000,500,500,482,18,21,479,0.961,0.961,0.964,0.958,0.9637826961770624,0.9608826479438315,0.13944634088827296,0.8412169401347637,0.5,0.993226,0.9933934278667141
aide_original_full,all_jpeg96,imagenet_ai_0419_vqdm,1000,500,500,485,15,80,420,0.905,0.905,0.97,0.84,0.9655172413793104,0.8983957219251337,0.12571161344181747,0.7247471417933703,0.5,0.9807879999999999,0.9783962094687744
aide_original_full,all_jpeg96,imagenet_ai_0424_sdv5,1000,500,500,484,16,40,460,0.944,0.944,0.968,0.92,0.9663865546218487,0.9426229508196722,0.13592692295461892,0.7508941888511181,0.5,0.989178,0.9878809912063354
aide_original_full,all_jpeg96,imagenet_ai_0424_wukong,1000,500,500,490,10,69,431,0.921,0.921,0.98,0.862,0.9773242630385488,0.9160467587672688,0.12336317336000502,0.7320134384781122,0.5,0.988776,0.9885823526875539
aide_original_full,all_jpeg96,imagenet_ai_0508_adm,1000,500,500,477,23,227,273,0.75,0.75,0.954,0.546,0.9222972972972973,0.6859296482412061,0.14155555383488536,0.5364321041256189,0.5,0.933072,0.9254912882745245
aide_original_full,all_jpeg96,imagenet_glide,1000,500,500,483,17,33,467,0.95,0.95,0.966,0.934,0.9648760330578512,0.9491869918699187,0.13400921069085597,0.8016455837339163,0.5,0.989108,0.9879111275298694
aide_original_full,all_jpeg96,imagenet_midjourney,1000,500,500,484,16,144,356,0.84,0.84,0.968,0.712,0.956989247311828,0.8165137614678899,0.13743211702723057,0.6287361004203558,0.5,0.959512,0.957605053611812
aide_original_full,controlled_jpeg96,imagenet_ai_0419_biggan,832,416,416,401,15,17,399,0.9615384615384616,0.9615384615384616,0.9639423076923077,0.9591346153846154,0.9637681159420289,0.9614457831325302,0.13606699851740045,0.8400749261491001,0.5,0.9925862148668638,0.9927121404320336
aide_original_full,controlled_jpeg96,imagenet_ai_0419_vqdm,832,416,416,403,13,64,352,0.9074519230769231,0.9074519230769231,0.96875,0.8461538461538461,0.9643835616438357,0.9014084507042254,0.12220946141706708,0.7249992882403044,0.5,0.9807807877218935,0.9773334055340812
aide_original_full,controlled_jpeg96,imagenet_ai_0424_sdv5,832,416,416,403,13,32,384,0.9459134615384616,0.9459134615384616,0.96875,0.9230769230769231,0.9672544080604534,0.9446494464944649,0.12848619403778755,0.753355696833191,0.5,0.9892867048816567,0.9876229057052655
aide_original_full,controlled_jpeg96,imagenet_ai_0424_wukong,832,416,416,407,9,57,359,0.9206730769230769,0.9206730769230769,0.9783653846153846,0.8629807692307693,0.9755434782608695,0.9158163265306123,0.12125900789172962,0.7341111339091395,0.5,0.988841762204142,0.9888504793150606
aide_original_full,controlled_jpeg96,imagenet_ai_0508_adm,832,416,416,396,20,192,224,0.7451923076923077,0.7451923076923077,0.9519230769230769,0.5384615384615384,0.9180327868852459,0.6787878787878788,0.14066382757020898,0.5354232917754695,0.5,0.9329147790310651,0.9220638257635652
aide_original_full,controlled_jpeg96,imagenet_glide,832,416,416,399,17,24,392,0.9507211538461539,0.9507211538461539,0.9591346153846154,0.9423076923076923,0.9584352078239609,0.9503030303030303,0.13347721400966223,0.8069798637611362,0.5,0.9883650379068047,0.9865515058966976
aide_original_full,controlled_jpeg96,imagenet_midjourney,832,416,416,403,13,113,303,0.8485576923076923,0.8485576923076923,0.96875,0.7283653846153846,0.9588607594936709,0.8278688524590164,0.1309804400516441,0.6408681618228841,0.5,0.9661150147928994,0.9636972417342876
aide_original_full,fake_jpeg96,imagenet_ai_0419_biggan,1000,500,500,481,19,21,479,0.96,0.96,0.962,0.958,0.9618473895582329,0.9599198396793587,0.14206522145494818,0.8412169401347637,0.5,0.9927,0.9928372402025241
aide_original_full,fake_jpeg96,imagenet_ai_0419_vqdm,1000,500,500,485,15,80,420,0.905,0.905,0.97,0.84,0.9655172413793104,0.8983957219251337,0.1275149938482791,0.7247471417933703,0.5,0.9804359999999999,0.97797011585518
aide_original_full,fake_jpeg96,imagenet_ai_0424_sdv5,1000,500,500,484,16,40,460,0.944,0.944,0.968,0.92,0.9663865546218487,0.9426229508196722,0.13846611367817968,0.7508941888511181,0.5,0.988696,0.9873100281777133
aide_original_full,fake_jpeg96,imagenet_ai_0424_wukong,1000,500,500,490,10,69,431,0.921,0.921,0.98,0.862,0.9773242630385488,0.9160467587672688,0.12599243858270348,0.7320134384781122,0.5,0.988008,0.9874704460731298
aide_original_full,fake_jpeg96,imagenet_ai_0508_adm,1000,500,500,477,23,227,273,0.75,0.75,0.954,0.546,0.9222972972972973,0.6859296482412061,0.14443066361732781,0.5364321041256189,0.5,0.930092,0.9222272314991344
aide_original_full,fake_jpeg96,imagenet_glide,1000,500,500,483,17,33,467,0.95,0.95,0.966,0.934,0.9648760330578512,0.9491869918699187,0.13678166992217303,0.8016455837339163,0.5,0.9885679999999999,0.9872809412595753
aide_original_full,fake_jpeg96,imagenet_midjourney,1000,500,500,483,17,144,356,0.839,0.839,0.966,0.712,0.9544235924932976,0.8155784650630011,0.13964503870811312,0.6287361004203558,0.5,0.958602,0.9568932320356148
aide_original_full,png_roundtrip,imagenet_ai_0419_biggan,1000,500,500,481,19,2,498,0.979,0.979,0.962,0.996,0.9632495164410058,0.9793510324483776,0.14206522145494818,0.927912436902523,0.5,0.9990559999999999,0.9990638266610554
aide_original_full,png_roundtrip,imagenet_ai_0419_vqdm,1000,500,500,485,15,35,465,0.95,0.95,0.97,0.93,0.96875,0.9489795918367347,0.1275149938482791,0.8154402122795582,0.5,0.990626,0.989788196945617
aide_original_full,png_roundtrip,imagenet_ai_0424_sdv5,1000,500,500,484,16,28,472,0.956,0.956,0.968,0.944,0.9672131147540983,0.9554655870445344,0.13846611367817968,0.7823111740648746,0.5,0.991626,0.9908660957325112
aide_original_full,png_roundtrip,imagenet_ai_0424_wukong,1000,500,500,490,10,52,448,0.938,0.938,0.98,0.896,0.9781659388646288,0.9352818371607515,0.12599243858270348,0.7659829168915748,0.5,0.9913379999999999,0.9910511147702482
aide_original_full,png_roundtrip,imagenet_ai_0508_adm,1000,500,500,477,23,153,347,0.824,0.824,0.954,0.694,0.9378378378378378,0.7977011494252874,0.14443066361732781,0.6224207774102688,0.5,0.9544440000000001,0.9520956099785092
aide_original_full,png_roundtrip,imagenet_glide,1000,500,500,483,17,17,483,0.966,0.966,0.966,0.966,0.966,0.966,0.13678166992217303,0.8373841558992863,0.5,0.992788,0.9920022404441879
aide_original_full,png_roundtrip,imagenet_midjourney,1000,500,500,483,17,135,365,0.848,0.848,0.966,0.73,0.9554973821989529,0.8276643990929705,0.13964503870811312,0.6435143774598837,0.5,0.9631059999999999,0.9615251632469968
aide_original_full,raw,imagenet_ai_0419_biggan,1000,500,500,481,19,2,498,0.979,0.979,0.962,0.996,0.9632495164410058,0.9793510324483776,0.14206522145494818,0.927912436902523,0.5,0.9990559999999999,0.9990638266610554
aide_original_full,raw,imagenet_ai_0419_vqdm,1000,500,500,485,15,35,465,0.95,0.95,0.97,0.93,0.96875,0.9489795918367347,0.1275149938482791,0.8154402122795582,0.5,0.990626,0.989788196945617
aide_original_full,raw,imagenet_ai_0424_sdv5,1000,500,500,484,16,28,472,0.956,0.956,0.968,0.944,0.9672131147540983,0.9554655870445344,0.13846611367817968,0.7823111740648746,0.5,0.991626,0.9908660957325112
aide_original_full,raw,imagenet_ai_0424_wukong,1000,500,500,490,10,52,448,0.938,0.938,0.98,0.896,0.9781659388646288,0.9352818371607515,0.12599243858270348,0.7659829168915748,0.5,0.9913379999999999,0.9910511147702482
aide_original_full,raw,imagenet_ai_0508_adm,1000,500,500,477,23,153,347,0.824,0.824,0.954,0.694,0.9378378378378378,0.7977011494252874,0.14443066361732781,0.6224207774102688,0.5,0.9544440000000001,0.9520956099785092
aide_original_full,raw,imagenet_glide,1000,500,500,483,17,17,483,0.966,0.966,0.966,0.966,0.966,0.966,0.13678166992217303,0.8373841558992863,0.5,0.992788,0.9920022404441879
aide_original_full,raw,imagenet_midjourney,1000,500,500,483,17,135,365,0.848,0.848,0.966,0.73,0.9554973821989529,0.8276643990929705,0.13964503870811312,0.6435143774598837,0.5,0.9631059999999999,0.9615251632469968
aide_original_full,raw_on_controlled_cohort,imagenet_ai_0419_biggan,832,416,416,401,15,2,414,0.9795673076923077,0.9795673076923077,0.9639423076923077,0.9951923076923077,0.965034965034965,0.9798816568047337,0.13606699851740045,0.9271129579641498,0.5,0.998977209689349,0.9989861690984783
aide_original_full,raw_on_controlled_cohort,imagenet_ai_0419_vqdm,832,416,416,403,13,26,390,0.953125,0.953125,0.96875,0.9375,0.967741935483871,0.9523809523809523,0.12220946141706708,0.8193131092076118,0.5,0.9904944064349114,0.989413972673482
aide_original_full,raw_on_controlled_cohort,imagenet_ai_0424_sdv5,832,416,416,403,13,21,395,0.9591346153846154,0.9591346153846154,0.96875,0.9495192307692307,0.9681372549019608,0.9587378640776699,0.12848619403778755,0.7848437299880271,0.5,0.9919823640902367,0.9910386156890002
aide_original_full,raw_on_controlled_cohort,imagenet_ai_0424_wukong,832,416,416,407,9,43,373,0.9375,0.9375,0.9783653846153846,0.8966346153846154,0.9764397905759162,0.9348370927318296,0.12125900789172962,0.7681040741288319,0.5,0.9920777089497042,0.9921343042571945
aide_original_full,raw_on_controlled_cohort,imagenet_ai_0508_adm,832,416,416,396,20,129,287,0.8209134615384616,0.8209134615384615,0.9519230769230769,0.6899038461538461,0.9348534201954397,0.7939142461964038,0.14066382757020898,0.6220268863253295,0.5,0.9562800480769231,0.9519239319785242
aide_original_full,raw_on_controlled_cohort,imagenet_glide,832,416,416,399,17,14,402,0.9627403846153846,0.9627403846153846,0.9591346153846154,0.9663461538461539,0.9594272076372315,0.962874251497006,0.13347721400966223,0.8403443755367055,0.5,0.9922626201923077,0.9912564141251055
aide_original_full,raw_on_controlled_cohort,imagenet_midjourney,832,416,416,403,13,103,313,0.8605769230769231,0.8605769230769231,0.96875,0.7524038461538461,0.9601226993865031,0.8436657681940701,0.1309804400516441,0.6564816401626629,0.5,0.9699201414571006,0.9679660925681159
clip_linear_probe,all_jpeg96,imagenet_ai_0419_biggan,1000,500,500,396,104,79,421,0.817,0.817,0.792,0.842,0.8019047619047619,0.8214634146341463,0.28967814217321575,0.7374379216879606,0.5,0.8998560000000001,0.8890488295572276
clip_linear_probe,all_jpeg96,imagenet_ai_0419_vqdm,1000,500,500,403,97,206,294,0.697,0.6970000000000001,0.806,0.588,0.7519181585677749,0.6599326599326599,0.2852975406330079,0.5465997975692153,0.5,0.769702,0.7378953616825004
clip_linear_probe,all_jpeg96,imagenet_ai_0424_sdv5,1000,500,500,389,111,39,461,0.85,0.8500000000000001,0.778,0.922,0.8059440559440559,0.8600746268656716,0.31363021161220966,0.8156868851780892,0.5,0.937386,0.9253612759703272
clip_linear_probe,all_jpeg96,imagenet_ai_0424_wukong,1000,500,500,405,95,61,439,0.844,0.8440000000000001,0.81,0.878,0.8220973782771536,0.8491295938104448,0.27770505006052554,0.7493252753615379,0.5,0.9163460000000001,0.8922858189940792
clip_linear_probe,all_jpeg96,imagenet_ai_0508_adm,1000,500,500,397,103,82,418,0.815,0.815,0.794,0.836,0.8023032629558541,0.8188050930460333,0.2998492111107334,0.759205621406436,0.5,0.8906540000000001,0.8848802808203233
clip_linear_probe,all_jpeg96,imagenet_glide,1000,500,500,403,97,8,492,0.895,0.895,0.806,0.984,0.8353140916808149,0.9035812672176309,0.2872791193458252,0.9087850614190102,0.5,0.975798,0.9727758404631479
clip_linear_probe,all_jpeg96,imagenet_midjourney,1000,500,500,402,98,33,467,0.869,0.869,0.804,0.934,0.8265486725663717,0.8769953051643192,0.28844746998138726,0.8710921720862389,0.5,0.9519799999999999,0.9483550303047394
clip_linear_probe,controlled_jpeg96,imagenet_ai_0419_biggan,832,416,416,328,88,62,354,0.8197115384615384,0.8197115384615384,0.7884615384615384,0.8509615384615384,0.8009049773755657,0.8251748251748252,0.2896050081449525,0.7397510148047541,0.5,0.9005293084319528,0.8870972489830973
clip_linear_probe,controlled_jpeg96,imagenet_ai_0419_vqdm,832,416,416,340,76,171,245,0.703125,0.703125,0.8173076923076923,0.5889423076923077,0.7632398753894081,0.6648575305291723,0.2838415236966774,0.5482937795772719,0.5,0.7729087694156804,0.744351404190574
clip_linear_probe,controlled_jpeg96,imagenet_ai_0424_sdv5,832,416,416,327,89,29,387,0.8581730769230769,0.8581730769230769,0.7860576923076923,0.9302884615384616,0.8130252100840336,0.8677130044843049,0.31300375696110466,0.8197302415680426,0.5,0.939525355954142,0.9247296446279605
clip_linear_probe,controlled_jpeg96,imagenet_ai_0424_wukong,832,416,416,336,80,50,366,0.84375,0.84375,0.8076923076923077,0.8798076923076923,0.820627802690583,0.8491879350348028,0.279699980904787,0.7499346227492564,0.5,0.9162727671967456,0.89323028876014
clip_linear_probe,controlled_jpeg96,imagenet_ai_0508_adm,832,416,416,325,91,67,349,0.8100961538461539,0.8100961538461539,0.78125,0.8389423076923077,0.7931818181818182,0.8154205607476636,0.30861784359764827,0.7603452985103314,0.5,0.8867534208579881,0.8795449433588907
clip_linear_probe,controlled_jpeg96,imagenet_glide,832,416,416,337,79,6,410,0.8978365384615384,0.8978365384615385,0.8100961538461539,0.9855769230769231,0.8384458077709611,0.9060773480662984,0.29054887446489797,0.91358082039425,0.5,0.9779088849852071,0.9756784707516228
clip_linear_probe,controlled_jpeg96,imagenet_midjourney,832,416,416,337,79,26,390,0.8737980769230769,0.8737980769230769,0.8100961538461539,0.9375,0.8315565031982942,0.8813559322033898,0.2871223841189371,0.8764526605820999,0.5,0.957167044193787,0.9597113999948765
clip_linear_probe,fake_jpeg96,imagenet_ai_0419_biggan,1000,500,500,395,105,79,421,0.816,0.8160000000000001,0.79,0.842,0.8003802281368821,0.8206627680311891,0.29073492527753114,0.7374379216879606,0.5,0.898566,0.8872572065463425
clip_linear_probe,fake_jpeg96,imagenet_ai_0419_vqdm,1000,500,500,403,97,206,294,0.697,0.6970000000000001,0.806,0.588,0.7519181585677749,0.6599326599326599,0.2875062549961731,0.5465997975692153,0.5,0.7676320000000001,0.7354191975852724
clip_linear_probe,fake_jpeg96,imagenet_ai_0424_sdv5,1000,500,500,386,114,39,461,0.847,0.847,0.772,0.922,0.8017391304347826,0.8576744186046512,0.3170423318753019,0.8156868851780892,0.5,0.9361640000000001,0.9236528850313963
clip_linear_probe,fake_jpeg96,imagenet_ai_0424_wukong,1000,500,500,402,98,61,439,0.841,0.841,0.804,0.878,0.8175046554934823,0.8466730954676953,0.28063202009815724,0.7493252753615379,0.5,0.91372,0.8881025336754216
clip_linear_probe,fake_jpeg96,imagenet_ai_0508_adm,1000,500,500,395,105,82,418,0.813,0.813,0.79,0.836,0.7992351816443595,0.8172043010752689,0.3013421261222102,0.759205621406436,0.5,0.889996,0.8838393387694871
clip_linear_probe,fake_jpeg96,imagenet_glide,1000,500,500,403,97,8,492,0.895,0.895,0.806,0.984,0.8353140916808149,0.9035812672176309,0.290255060414318,0.9087850614190102,0.5,0.974806,0.9716765498757742
clip_linear_probe,fake_jpeg96,imagenet_midjourney,1000,500,500,402,98,33,467,0.869,0.869,0.804,0.934,0.8265486725663717,0.8769953051643192,0.2897071772366762,0.8710921720862389,0.5,0.951056,0.9464453905774041
clip_linear_probe,png_roundtrip,imagenet_ai_0419_biggan,1000,500,500,395,105,2,498,0.893,0.893,0.79,0.996,0.8258706467661692,0.9029918404351768,0.29073492527753114,0.9269799092411994,0.5,0.9857079999999999,0.98226202350783
clip_linear_probe,png_roundtrip,imagenet_ai_0419_vqdm,1000,500,500,403,97,132,368,0.771,0.771,0.806,0.736,0.7913978494623656,0.7626943005181347,0.2875062549961731,0.6582816811874509,0.5,0.848374,0.826204575201156
clip_linear_probe,png_roundtrip,imagenet_ai_0424_sdv5,1000,500,500,386,114,32,468,0.854,0.8540000000000001,0.772,0.936,0.8041237113402062,0.8650646950092421,0.3170423318753019,0.8326721848845482,0.5,0.9436399999999999,0.9334655958000252
clip_linear_probe,png_roundtrip,imagenet_ai_0424_wukong,1000,500,500,402,98,52,448,0.85,0.8500000000000001,0.804,0.896,0.8205128205128205,0.8565965583173997,0.28063202009815724,0.7679964552819729,0.5,0.922228,0.8996181984814837
clip_linear_probe,png_roundtrip,imagenet_ai_0508_adm,1000,500,500,395,105,34,466,0.861,0.861,0.79,0.932,0.8161120840630472,0.8702147525676938,0.3013421261222102,0.8425798570364713,0.5,0.9372799999999999,0.9334877560769518
clip_linear_probe,png_roundtrip,imagenet_glide,1000,500,500,403,97,0,500,0.903,0.903,0.806,1.0,0.8375209380234506,0.9115770282588879,0.290255060414318,0.9663427021503449,0.5,0.993508,0.9925342055885381
clip_linear_probe,png_roundtrip,imagenet_midjourney,1000,500,500,402,98,29,471,0.873,0.873,0.804,0.942,0.827768014059754,0.8811973807296539,0.2897071772366762,0.8827363923788071,0.5,0.956266,0.9525620160706556
clip_linear_probe,raw,imagenet_ai_0419_biggan,1000,500,500,395,105,2,498,0.893,0.893,0.79,0.996,0.8258706467661692,0.9029918404351768,0.29073492527753114,0.9269799092411994,0.5,0.9857079999999999,0.98226202350783
clip_linear_probe,raw,imagenet_ai_0419_vqdm,1000,500,500,403,97,132,368,0.771,0.771,0.806,0.736,0.7913978494623656,0.7626943005181347,0.2875062549961731,0.6582816811874509,0.5,0.848374,0.826204575201156
clip_linear_probe,raw,imagenet_ai_0424_sdv5,1000,500,500,386,114,32,468,0.854,0.8540000000000001,0.772,0.936,0.8041237113402062,0.8650646950092421,0.3170423318753019,0.8326721848845482,0.5,0.9436399999999999,0.9334655958000252
clip_linear_probe,raw,imagenet_ai_0424_wukong,1000,500,500,402,98,52,448,0.85,0.8500000000000001,0.804,0.896,0.8205128205128205,0.8565965583173997,0.28063202009815724,0.7679964552819729,0.5,0.922228,0.8996181984814837
clip_linear_probe,raw,imagenet_ai_0508_adm,1000,500,500,395,105,34,466,0.861,0.861,0.79,0.932,0.8161120840630472,0.8702147525676938,0.3013421261222102,0.8425798570364713,0.5,0.9372799999999999,0.9334877560769518
clip_linear_probe,raw,imagenet_glide,1000,500,500,403,97,0,500,0.903,0.903,0.806,1.0,0.8375209380234506,0.9115770282588879,0.290255060414318,0.9663427021503449,0.5,0.993508,0.9925342055885381
clip_linear_probe,raw,imagenet_midjourney,1000,500,500,402,98,29,471,0.873,0.873,0.804,0.942,0.827768014059754,0.8811973807296539,0.2897071772366762,0.8827363923788071,0.5,0.956266,0.9525620160706556
clip_linear_probe,raw_on_controlled_cohort,imagenet_ai_0419_biggan,832,416,416,328,88,2,414,0.8918269230769231,0.8918269230769231,0.7884615384615384,0.9951923076923077,0.8247011952191236,0.9019607843137255,0.2896050081449525,0.9266252459671634,0.5,0.985287999260355,0.9813769308274587
clip_linear_probe,raw_on_controlled_cohort,imagenet_ai_0419_vqdm,832,416,416,340,76,112,304,0.7740384615384616,0.7740384615384615,0.8173076923076923,0.7307692307692307,0.8,0.7638190954773869,0.2838415236966774,0.6591134714589526,0.5,0.8532151442307692,0.8327149531454101
clip_linear_probe,raw_on_controlled_cohort,imagenet_ai_0424_sdv5,832,416,416,327,89,24,392,0.8641826923076923,0.8641826923076923,0.7860576923076923,0.9423076923076923,0.814968814968815,0.8740245261984393,0.31300375696110466,0.8377986192130126,0.5,0.9473667483357988,0.9349024585570526
clip_linear_probe,raw_on_controlled_cohort,imagenet_ai_0424_wukong,832,416,416,336,80,41,375,0.8545673076923077,0.8545673076923077,0.8076923076923077,0.9014423076923077,0.8241758241758241,0.8610792192881745,0.279699980904787,0.7692514680361805,0.5,0.9253218611316567,0.9044656651913953
clip_linear_probe,raw_on_controlled_cohort,imagenet_ai_0508_adm,832,416,416,325,91,25,391,0.8605769230769231,0.8605769230769231,0.78125,0.9399038461538461,0.8112033195020747,0.8708240534521158,0.30861784359764827,0.8440188146375406,0.5,0.9352839543269231,0.9305432657291127
clip_linear_probe,raw_on_controlled_cohort,imagenet_glide,832,416,416,337,79,0,416,0.9050480769230769,0.9050480769230769,0.8100961538461539,1.0,0.8404040404040404,0.9132821075740944,0.29054887446489797,0.96835263302693,0.5,0.9948138174926036,0.9941691682564382
clip_linear_probe,raw_on_controlled_cohort,imagenet_midjourney,832,416,416,337,79,23,393,0.8774038461538461,0.8774038461538461,0.8100961538461539,0.9447115384615384,0.8326271186440678,0.8851351351351351,0.2871223841189371,0.8868441697066793,0.5,0.9615037906804733,0.9640644070073163
npr_resnet18,all_jpeg96,imagenet_ai_0419_biggan,1000,500,500,475,25,410,90,0.565,0.565,0.95,0.18,0.782608695652174,0.2926829268292683,0.07865586313245927,0.18189617471147682,0.5,0.610152,0.6334333851737286
npr_resnet18,all_jpeg96,imagenet_ai_0419_vqdm,1000,500,500,478,22,420,80,0.558,0.5579999999999999,0.956,0.16,0.7843137254901961,0.26578073089701,0.07881976844054207,0.15872143679205453,0.5,0.5588299999999999,0.598782382024387
npr_resnet18,all_jpeg96,imagenet_ai_0424_sdv5,1000,500,500,478,22,293,207,0.685,0.6849999999999999,0.956,0.414,0.9039301310043668,0.5679012345679012,0.07858564289863365,0.3713229327453699,0.5,0.7628119999999999,0.7818310059435438
npr_resnet18,all_jpeg96,imagenet_ai_0424_wukong,1000,500,500,479,21,315,185,0.664,0.6639999999999999,0.958,0.37,0.8980582524271845,0.5240793201133145,0.08341196651387155,0.35066046324833533,0.5,0.7700180000000001,0.7941020185253077
npr_resnet18,all_jpeg96,imagenet_ai_0508_adm,1000,500,500,479,21,480,20,0.499,0.499,0.958,0.04,0.4878048780487805,0.07393715341959335,0.07714702400567115,0.05540855311568248,0.5,0.421694,0.44971441970916703
npr_resnet18,all_jpeg96,imagenet_glide,1000,500,500,480,20,461,39,0.519,0.519,0.96,0.078,0.6610169491525424,0.13953488372093023,0.07001660147997779,0.07953046481677029,0.5,0.47200200000000003,0.5033873201996351
npr_resnet18,all_jpeg96,imagenet_midjourney,1000,500,500,488,12,418,82,0.57,0.57,0.976,0.164,0.8723404255319149,0.2760942760942761,0.05915974376829906,0.16390656599275452,0.5,0.629556,0.6491005074425376
npr_resnet18,controlled_jpeg96,imagenet_ai_0419_biggan,832,416,416,394,22,337,79,0.5685096153846154,0.5685096153846154,0.9471153846153846,0.18990384615384615,0.7821782178217822,0.3056092843326886,0.08283814860475597,0.1872719289054123,0.5,0.5906151765902367,0.6247013483600882
npr_resnet18,controlled_jpeg96,imagenet_ai_0419_vqdm,832,416,416,405,11,350,66,0.5661057692307693,0.5661057692307692,0.9735576923076923,0.15865384615384615,0.8571428571428571,0.26774847870182555,0.07787507636797589,0.15794987258940504,0.5,0.5251883783284024,0.5923052356006613
npr_resnet18,controlled_jpeg96,imagenet_ai_0424_sdv5,832,416,416,399,17,244,172,0.6862980769230769,0.6862980769230769,0.9591346153846154,0.41346153846153844,0.91005291005291,0.5685950413223141,0.07397404549388528,0.3666796519467613,0.5,0.7540651580991123,0.7827577903523025
npr_resnet18,controlled_jpeg96,imagenet_ai_0424_wukong,832,416,416,400,16,265,151,0.6622596153846154,0.6622596153846154,0.9615384615384616,0.3629807692307692,0.9041916167664671,0.5180102915951973,0.0852819437276401,0.34229224719383883,0.5,0.7518520016642012,0.781989437603261
npr_resnet18,controlled_jpeg96,imagenet_ai_0508_adm,832,416,416,400,16,401,15,0.4987980769230769,0.4987980769230769,0.9615384615384616,0.036057692307692304,0.4838709677419355,0.06711409395973154,0.0814921962951274,0.05311025099505605,0.5,0.3958198502218935,0.4367912832662768
npr_resnet18,controlled_jpeg96,imagenet_glide,832,416,416,398,18,384,32,0.5168269230769231,0.5168269230769231,0.9567307692307693,0.07692307692307693,0.64,0.13733905579399142,0.07838084752413911,0.07754091265829688,0.5,0.4284624630177515,0.4815766742449811
npr_resnet18,controlled_jpeg96,imagenet_midjourney,832,416,416,405,11,347,69,0.5697115384615384,0.5697115384615384,0.9735576923076923,0.1658653846153846,0.8625,0.2782258064516129,0.06645905109149602,0.16519229806737143,0.5,0.5962463017751478,0.6304166115636923
npr_resnet18,fake_jpeg96,imagenet_ai_0419_biggan,1000,500,500,474,26,410,90,0.564,0.564,0.948,0.18,0.7758620689655172,0.2922077922077922,0.08143377887800891,0.18189617471147682,0.5,0.607402,0.6221823133679169
npr_resnet18,fake_jpeg96,imagenet_ai_0419_vqdm,1000,500,500,482,18,420,80,0.562,0.5619999999999999,0.964,0.16,0.8163265306122449,0.26755852842809363,0.07842695324656762,0.15872143679205453,0.5,0.5596159999999999,0.5933506738954608
npr_resnet18,fake_jpeg96,imagenet_ai_0424_sdv5,1000,500,500,477,23,293,207,0.684,0.6839999999999999,0.954,0.414,0.9,0.5671232876712329,0.07917505123062427,0.3713229327453699,0.5,0.762076,0.7800957773357927
npr_resnet18,fake_jpeg96,imagenet_ai_0424_wukong,1000,500,500,479,21,315,185,0.664,0.6639999999999999,0.958,0.37,0.8980582524271845,0.5240793201133145,0.0861963394664015,0.35066046324833533,0.5,0.7678100000000001,0.7904203040556889
npr_resnet18,fake_jpeg96,imagenet_ai_0508_adm,1000,500,500,480,20,480,20,0.5,0.5,0.96,0.04,0.5,0.07407407407407407,0.07810040854798521,0.05540855311568248,0.5,0.422524,0.4496607960213872
npr_resnet18,fake_jpeg96,imagenet_glide,1000,500,500,479,21,461,39,0.518,0.518,0.958,0.078,0.65,0.1392857142857143,0.07094636574542547,0.07953046481677029,0.5,0.47052800000000006,0.502255519905493
npr_resnet18,fake_jpeg96,imagenet_midjourney,1000,500,500,489,11,418,82,0.571,0.571,0.978,0.164,0.8817204301075269,0.2765598650927487,0.05814081569430637,0.16390656599275452,0.5,0.629002,0.6498566941517878
npr_resnet18,png_roundtrip,imagenet_ai_0419_biggan,1000,500,500,474,26,3,497,0.971,0.971,0.948,0.994,0.9502868068833652,0.9716520039100685,0.08143377887800891,0.9613675125390291,0.5,0.996524,0.9947489234083634
npr_resnet18,png_roundtrip,imagenet_ai_0419_vqdm,1000,500,500,482,18,8,492,0.974,0.974,0.964,0.984,0.9647058823529412,0.9742574257425742,0.07842695324656762,0.9210282395482063,0.5,0.99692,0.9967482683578119
npr_resnet18,png_roundtrip,imagenet_ai_0424_sdv5,1000,500,500,477,23,7,493,0.97,0.97,0.954,0.986,0.9554263565891473,0.9704724409448819,0.07917505123062427,0.9427921778857707,0.5,0.995092,0.9945979642562907
npr_resnet18,png_roundtrip,imagenet_ai_0424_wukong,1000,500,500,479,21,27,473,0.952,0.952,0.958,0.946,0.9574898785425101,0.9517102615694165,0.0861963394664015,0.8934987910538912,0.5,0.991916,0.9924922570437915
npr_resnet18,png_roundtrip,imagenet_ai_0508_adm,1000,500,500,480,20,30,470,0.95,0.95,0.96,0.94,0.9591836734693877,0.9494949494949495,0.07810040854798521,0.8924089989066124,0.5,0.990712,0.9880397244359785
npr_resnet18,png_roundtrip,imagenet_glide,1000,500,500,479,21,0,500,0.979,0.979,0.958,1.0,0.9596928982725528,0.9794319294809011,0.07094636574542547,0.989922263622284,0.5,0.9998079999999999,0.9998134120738476
npr_resnet18,png_roundtrip,imagenet_midjourney,1000,500,500,489,11,23,477,0.966,0.966,0.978,0.954,0.9774590163934426,0.9655870445344129,0.05814081569430637,0.9140227826535702,0.5,0.99614,0.9963422044144796
npr_resnet18,raw,imagenet_ai_0419_biggan,1000,500,500,474,26,3,497,0.971,0.971,0.948,0.994,0.9502868068833652,0.9716520039100685,0.08143377887800891,0.9613675125390291,0.5,0.996524,0.9947489234083634
npr_resnet18,raw,imagenet_ai_0419_vqdm,1000,500,500,482,18,8,492,0.974,0.974,0.964,0.984,0.9647058823529412,0.9742574257425742,0.07842695324656762,0.9210282395482063,0.5,0.99692,0.9967482683578119
npr_resnet18,raw,imagenet_ai_0424_sdv5,1000,500,500,477,23,7,493,0.97,0.97,0.954,0.986,0.9554263565891473,0.9704724409448819,0.07917505123062427,0.9427921778857707,0.5,0.995092,0.9945979642562907
npr_resnet18,raw,imagenet_ai_0424_wukong,1000,500,500,479,21,27,473,0.952,0.952,0.958,0.946,0.9574898785425101,0.9517102615694165,0.0861963394664015,0.8934987910538912,0.5,0.991916,0.9924922570437915
npr_resnet18,raw,imagenet_ai_0508_adm,1000,500,500,480,20,30,470,0.95,0.95,0.96,0.94,0.9591836734693877,0.9494949494949495,0.07810040854798521,0.8924089989066124,0.5,0.990712,0.9880397244359785
npr_resnet18,raw,imagenet_glide,1000,500,500,479,21,0,500,0.979,0.979,0.958,1.0,0.9596928982725528,0.9794319294809011,0.07094636574542547,0.989922263622284,0.5,0.9998079999999999,0.9998134120738476
npr_resnet18,raw,imagenet_midjourney,1000,500,500,489,11,23,477,0.966,0.966,0.978,0.954,0.9774590163934426,0.9655870445344129,0.05814081569430637,0.9140227826535702,0.5,0.99614,0.9963422044144796
npr_resnet18,raw_on_controlled_cohort,imagenet_ai_0419_biggan,832,416,416,394,22,1,415,0.9723557692307693,0.9723557692307692,0.9471153846153846,0.9975961538461539,0.9496567505720824,0.9730363423212193,0.08283814860475597,0.9634358861411993,0.5,0.9986536150147929,0.9986633223221224
npr_resnet18,raw_on_controlled_cohort,imagenet_ai_0419_vqdm,832,416,416,405,11,7,409,0.9783653846153846,0.9783653846153846,0.9735576923076923,0.9831730769230769,0.9738095238095238,0.9784688995215312,0.07787507636797589,0.919683956899322,0.5,0.998156666050296,0.998148322224817
npr_resnet18,raw_on_controlled_cohort,imagenet_ai_0424_sdv5,832,416,416,399,17,6,410,0.9723557692307693,0.9723557692307693,0.9591346153846154,0.9855769230769231,0.9601873536299765,0.9727164887307236,0.07397404549388528,0.9454359843825492,0.5,0.9962959966715976,0.9960030072722726
npr_resnet18,raw_on_controlled_cohort,imagenet_ai_0424_wukong,832,416,416,400,16,20,396,0.9567307692307693,0.9567307692307692,0.9615384615384616,0.9519230769230769,0.9611650485436893,0.9565217391304348,0.0852819437276401,0.9007201185987259,0.5,0.9937650240384616,0.9941746765151395
npr_resnet18,raw_on_controlled_cohort,imagenet_ai_0508_adm,832,416,416,400,16,26,390,0.9495192307692307,0.9495192307692308,0.9615384615384616,0.9375,0.9605911330049262,0.948905109489051,0.0814921962951274,0.8913876513520685,0.5,0.9904655140532543,0.9875059861848391
npr_resnet18,raw_on_controlled_cohort,imagenet_glide,832,416,416,398,18,0,416,0.9783653846153846,0.9783653846153846,0.9567307692307693,1.0,0.9585253456221198,0.9788235294117648,0.07838084752413911,0.9894051685069616,0.5,0.99974574704142,0.9997531858052324
npr_resnet18,raw_on_controlled_cohort,imagenet_midjourney,832,416,416,405,11,21,395,0.9615384615384616,0.9615384615384615,0.9735576923076923,0.9495192307692307,0.9729064039408867,0.9610705596107056,0.06645905109149602,0.909353734817929,0.5,0.9951345229289941,0.9954407880237874
