model,case,num_samples,num_real,num_fake,tn,fp,fn,tp,accuracy,balanced_accuracy,real_recall,fake_recall,fake_precision,fake_f1,mean_real_fake_probability,mean_fake_fake_probability,threshold,roc_auc,average_precision
aide_original_full,all_jpeg96,7000,3500,3500,3385,115,614,2886,0.8958571428571429,0.8958571428571429,0.9671428571428572,0.8245714285714286,0.9616794401866045,0.8878634056299031,0.13392070459966948,0.7165264996481793,0.5,0.9769754285714285,0.9764950772595283
aide_original_full,controlled_jpeg96,5824,2912,2912,2812,100,499,2413,0.8971497252747253,0.8971497252747254,0.9656593406593407,0.8286401098901099,0.9602069239952248,0.8895852534562212,0.13044902049935714,0.7194017660701749,0.5,0.9777358844795314,0.9764946373653134
aide_original_full,fake_jpeg96,7000,3500,3500,3383,117,614,2886,0.8955714285714286,0.8955714285714286,0.9665714285714285,0.8245714285714286,0.961038961038961,0.8875903429186529,0.13641373425881778,0.7165264996481793,0.5,0.9760524081632652,0.9754933957208672
aide_original_full,png_roundtrip,7000,3500,3500,3383,117,422,3078,0.923,0.923,0.9665714285714285,0.8794285714285714,0.9633802816901409,0.9194921583271097,0.13641373425881778,0.7707094358439956,0.5,0.9837551428571428,0.9837489831825491
aide_original_full,raw,7000,3500,3500,3383,117,422,3078,0.923,0.923,0.9665714285714285,0.8794285714285714,0.9633802816901409,0.9194921583271097,0.13641373425881778,0.7707094358439956,0.5,0.9837551428571428,0.9837489831825491
aide_original_full,raw_on_controlled_cohort,5824,2912,2912,2812,100,338,2574,0.9247939560439561,0.924793956043956,0.9656593406593407,0.8839285714285714,0.9626028421839941,0.9215896885069818,0.13044902049935714,0.7740323961876169,0.5,0.9849671169318318,0.9845580976381704
clip_linear_probe,all_jpeg96,7000,3500,3500,2795,705,508,2992,0.8267142857142857,0.8267142857142857,0.7985714285714286,0.8548571428571429,0.8093048417635921,0.8314575517576768,0.2916981064167007,0.7697332478154982,0.5,0.9049164489795919,0.9022945891864045
clip_linear_probe,controlled_jpeg96,5824,2912,2912,2330,582,411,2501,0.8294986263736264,0.8294986263736264,0.8001373626373627,0.8588598901098901,0.8112228349010704,0.8343619683069224,0.29320562455557214,0.7725840625980009,0.5,0.9062135012566417,0.904683113344752
clip_linear_probe,fake_jpeg96,7000,3500,3500,2786,714,508,2992,0.8254285714285714,0.8254285714285714,0.796,0.8548571428571429,0.8073394495412844,0.8304190951984457,0.29388855657433827,0.7697332478154982,0.5,0.903551387755102,0.9004271235504001
clip_linear_probe,png_roundtrip,7000,3500,3500,2786,714,281,3219,0.8578571428571429,0.8578571428571429,0.796,0.9197142857142857,0.8184591914569032,0.8661374949549308,0.29388855657433827,0.8396555974515421,0.5,0.9402207755102041,0.938800495816789
clip_linear_probe,raw,7000,3500,3500,2786,714,281,3219,0.8578571428571429,0.8578571428571429,0.796,0.9197142857142857,0.8184591914569032,0.8661374949549308,0.29388855657433827,0.8396555974515421,0.5,0.9402207755102041,0.938800495816789
clip_linear_probe,raw_on_controlled_cohort,5824,2912,2912,2330,582,227,2685,0.861092032967033,0.8610920329670331,0.8001373626373627,0.9220467032967034,0.8218549127640037,0.8690726654798511,0.29320562455557214,0.8417149174352084,0.5,0.9423040365369519,0.9417671633349478
npr_resnet18,all_jpeg96,7000,3500,3500,3357,143,2797,703,0.58,0.5800000000000001,0.9591428571428572,0.20085714285714285,0.8309692671394799,0.32351587666820064,0.07511380146277923,0.19449237020320626,0.5,0.6038968979591837,0.640440418117231
npr_resnet18,controlled_jpeg96,5824,2912,2912,2801,111,2328,584,0.5812156593406593,0.5812156593406593,0.9618818681318682,0.20054945054945056,0.8402877697841726,0.32381480454671474,0.07804304415785997,0.19286245176516317,0.5,0.5781579609007064,0.6273076945282543
npr_resnet18,fake_jpeg96,7000,3500,3500,3360,140,2797,703,0.5804285714285714,0.5804285714285714,0.96,0.20085714285714285,0.833926453143535,0.32373935067925397,0.0760599589727599,0.19449237020320626,0.5,0.6030595918367347,0.6370383725029922
npr_resnet18,png_roundtrip,7000,3500,3500,3360,140,98,3402,0.966,0.966,0.96,0.972,0.9604743083003953,0.9662027833001988,0.0760599589727599,0.9307201094584806,0.5,0.9952516326530613,0.9948040378727974
npr_resnet18,raw,7000,3500,3500,3360,140,98,3402,0.966,0.966,0.96,0.972,0.9604743083003953,0.9662027833001988,0.0760599589727599,0.9307201094584806,0.5,0.9952516326530613,0.9948040378727974
npr_resnet18,raw_on_controlled_cohort,5824,2912,2912,2801,111,81,2831,0.967032967032967,0.967032967032967,0.9618818681318682,0.9721840659340659,0.9622705642420122,0.9672019132217288,0.07804304415785997,0.9313460715283937,0.5,0.995813199077708,0.9954714839771746
