model,generator,metric_cohort,num_samples,num_real,num_fake,tn,fp,fn,tp,accuracy,balanced_accuracy,real_recall,fake_recall,fake_precision,fake_f1,roc_auc,average_precision,confusion_matrix
clip_linear_probe,ADM,tiny_validation_generator_own_real_and_fake,1000,500,500,425,75,74,426,0.851,0.851,0.85,0.852,0.8502994011976048,0.8511488511488512,0.9271199999999999,0.9232331921131155,"[[425, 75], [74, 426]]"
clip_linear_probe,BigGAN,tiny_validation_generator_own_real_and_fake,1000,500,500,436,64,9,491,0.927,0.927,0.872,0.982,0.8846846846846846,0.9308056872037914,0.982658,0.9802368394485953,"[[436, 64], [9, 491]]"
clip_linear_probe,GLIDE,tiny_validation_generator_own_real_and_fake,1000,500,500,434,66,0,500,0.934,0.9339999999999999,0.868,1.0,0.8833922261484098,0.9380863039399625,0.9936419999999999,0.9927487865983791,"[[434, 66], [0, 500]]"
clip_linear_probe,Midjourney,tiny_validation_generator_own_real_and_fake,1000,500,500,436,64,59,441,0.877,0.877,0.872,0.882,0.8732673267326733,0.8776119402985074,0.938826,0.9366987175652838,"[[436, 64], [59, 441]]"
clip_linear_probe,SD15,tiny_validation_generator_own_real_and_fake,1000,500,500,420,80,59,441,0.861,0.861,0.84,0.882,0.8464491362763915,0.8638589618021547,0.93794,0.9287065404619136,"[[420, 80], [59, 441]]"
clip_linear_probe,VQDM,tiny_validation_generator_own_real_and_fake,1000,500,500,444,56,181,319,0.763,0.763,0.888,0.638,0.8506666666666667,0.7291428571428571,0.853982,0.8311420777815924,"[[444, 56], [181, 319]]"
clip_linear_probe,Wukong,tiny_validation_generator_own_real_and_fake,1000,500,500,440,60,111,389,0.829,0.829,0.88,0.778,0.8663697104677061,0.8198103266596417,0.912328,0.886355025715714,"[[440, 60], [111, 389]]"
npr_resnet18,ADM,tiny_validation_generator_own_real_and_fake,1000,500,500,480,20,30,470,0.95,0.95,0.96,0.94,0.9591836734693877,0.9494949494949495,0.990712,0.9880397244359785,"[[480, 20], [30, 470]]"
npr_resnet18,BigGAN,tiny_validation_generator_own_real_and_fake,1000,500,500,474,26,3,497,0.971,0.971,0.948,0.994,0.9502868068833652,0.9716520039100685,0.996524,0.9947489234083634,"[[474, 26], [3, 497]]"
npr_resnet18,GLIDE,tiny_validation_generator_own_real_and_fake,1000,500,500,479,21,0,500,0.979,0.979,0.958,1.0,0.9596928982725528,0.9794319294809011,0.9998079999999999,0.9998134120738476,"[[479, 21], [0, 500]]"
npr_resnet18,Midjourney,tiny_validation_generator_own_real_and_fake,1000,500,500,489,11,23,477,0.966,0.966,0.978,0.954,0.9774590163934426,0.9655870445344129,0.99614,0.9963422044144796,"[[489, 11], [23, 477]]"
npr_resnet18,SD15,tiny_validation_generator_own_real_and_fake,1000,500,500,477,23,7,493,0.97,0.97,0.954,0.986,0.9554263565891473,0.9704724409448819,0.995092,0.9945979642562907,"[[477, 23], [7, 493]]"
npr_resnet18,VQDM,tiny_validation_generator_own_real_and_fake,1000,500,500,482,18,8,492,0.974,0.974,0.964,0.984,0.9647058823529412,0.9742574257425742,0.99692,0.9967482683578119,"[[482, 18], [8, 492]]"
npr_resnet18,Wukong,tiny_validation_generator_own_real_and_fake,1000,500,500,479,21,27,473,0.952,0.952,0.958,0.946,0.9574898785425101,0.9517102615694165,0.991916,0.9924922570437915,"[[479, 21], [27, 473]]"
aide_forensic_resnet50,ADM,tiny_validation_generator_own_real_and_fake,1000,500,500,496,4,40,460,0.956,0.956,0.992,0.92,0.9913793103448276,0.9543568464730291,0.9864539999999999,0.9894673475583494,"[[496, 4], [40, 460]]"
aide_forensic_resnet50,BigGAN,tiny_validation_generator_own_real_and_fake,1000,500,500,486,14,42,458,0.944,0.944,0.972,0.916,0.9703389830508474,0.9423868312757202,0.985458,0.9831334060566823,"[[486, 14], [42, 458]]"
aide_forensic_resnet50,GLIDE,tiny_validation_generator_own_real_and_fake,1000,500,500,494,6,8,492,0.986,0.986,0.988,0.984,0.9879518072289156,0.9859719438877755,0.995866,0.9840567620982901,"[[494, 6], [8, 492]]"
aide_forensic_resnet50,Midjourney,tiny_validation_generator_own_real_and_fake,1000,500,500,489,11,190,310,0.799,0.7989999999999999,0.978,0.62,0.9657320872274143,0.7551766138855055,0.9157760000000001,0.9302841222648532,"[[489, 11], [190, 310]]"
aide_forensic_resnet50,SD15,tiny_validation_generator_own_real_and_fake,1000,500,500,490,10,34,466,0.956,0.956,0.98,0.932,0.9789915966386554,0.9549180327868853,0.988376,0.9784012652372679,"[[490, 10], [34, 466]]"
aide_forensic_resnet50,VQDM,tiny_validation_generator_own_real_and_fake,1000,500,500,494,6,77,423,0.917,0.917,0.988,0.846,0.986013986013986,0.9106566200215285,0.9797579999999999,0.9760013780930089,"[[494, 6], [77, 423]]"
aide_forensic_resnet50,Wukong,tiny_validation_generator_own_real_and_fake,1000,500,500,486,14,71,429,0.915,0.915,0.972,0.858,0.9683972911963883,0.9098621420996819,0.979106,0.979731612594641,"[[486, 14], [71, 429]]"
